https://www.tiktok.com/@nikula235,nikula235
https://www.tiktok.com/@egorkaship_official,egorkaship_official
https://www.tiktok.com/@tvoya_malyshka001_,tvoya_malyshka001_
https://www.tiktok.com/@deepins,deepins
https://www.tiktok.com/@misha.yurch,misha.yurch
https://www.tiktok.com/@anastasia_yseeva_17,anastasia_yseeva_17
https://www.tiktok.com/@nastpavlova.hi,nastpavlova.hi
https://www.tiktok.com/@mishaakrosh,mishaakrosh
https://www.tiktok.com/@aloyouiii,aloyouiii
https://www.tiktok.com/@maksbraun,maksbraun
https://www.tiktok.com/@tvoya_malyshka001_,tvoya_malyshka001_
https://www.tiktok.com/@milmraz,milmraz
https://www.tiktok.com/@nikakariimova?language=ru&sec_uid=MS4wLjABAAAAS-qcRhAXRDP2gepXN7iHbAPCSLCGdD9fXULVM8OJbP3DuXW1q6XF7j-WsZg7LmBw&u_code=d8942c0i55jg29&utm_campaign=client_share&app=musically&utm_medium=ios&user_id=6736535239231931398&tt_from=copy&utm_source=copy&source=h5_m,nikakariimova
https://www.tiktok.com/@annaprima,annaprima
https://www.tiktok.com/@theshinigamii,theshinigamii
https://www.tiktok.com/@maxkazaku,maxkazaku
https://www.tiktok.com/@iammaneken,iammaneken
https://www.tiktok.com/@ksushagritsenko_26,ksushagritsenko_26
https://www.tiktok.com/@rustam_mayer_djavid,rustam_mayer_djavid
https://www.tiktok.com/@virus.ss,virus.ss
https://www.tiktok.com/@dubkovapo,dubkovapo
https://www.tiktok.com/@kokos_vikos,kokos_vikos
https://www.tiktok.com/@pinkguno?lang=ru,pinkguno
https://www.tiktok.com/@iamkatieee,iamkatieee
https://www.tiktok.com/@permyakowa.tiktok?lang=ru,permyakowa.tiktok
https://www.tiktok.com/@vova.bagrov?lang=ru,vova.bagrov
https://www.tiktok.com/@danyakruz?lang=ru,danyakruz
https://www.tiktok.com/@shuhhher?lang=ru,shuhhher
https://www.tiktok.com/@theangelshome,theangelshome
https://www.tiktok.com/@daniel_in_mind,daniel_in_mind
https://www.tiktok.com/@adam.rich,adam.rich
https://www.tiktok.com/@arthurchk,arthurchk
https://www.tiktok.com/@vakuolly,vakuolly
https://www.tiktok.com/@bred.kek.lol,bred.kek
https://vm.tiktok.com/ZSpyp4s7/,ratmom_li
https://www.tiktok.com/@daniil_blade,daniil_blade
https://www.tiktok.com/@anastasiyazhy?lang=ru,anastasiyazhy
https://www.tiktok.com/@batraker,batraker
https://www.tiktok.com/@new.mark,new.mark
https://www.tiktok.com/@konoovalovaa?language=ru&sec_uid=MS4wLjABAAAAJUplLaSK3Y9tDFLFgq_3ynKF2cc0fW3eClwfS4AXQOOn2lFJQzRMgHhD2kB3XDjy&u_code=d8kjifcg0957mm&utm_campaign=client_share&app=musically&utm_medium=ios&user_id=6747666638143325190&tt_from=copy&utm_source=copy&source=h5_m,konoovalovaa
https://www.tiktok.com/@victoriaportfolio,victoriaportfolio
https://www.tiktok.com/@ana.koshkina,ana.koshkina
https://www.tiktok.com/@ssmaaaryy,ssmaaaryy
https://vm.tiktok.com/ZSpysn1W/,manukiantwins
https://vm.tiktok.com/ZSpyCXXm/,nicolaiganichev
https://vm.tiktok.com/ZSpfYfUk/,asepohui
https://vm.tiktok.com/ZSpf8FnG/,eli_alieva
https://vm.tiktok.com/ZSpyEnSu/,zhanna_mood
https://vm.tiktok.com/ZSpyCwof/,dashpops
https://vm.tiktok.com/ZSpy77wS/,annabavtruk
https://vm.tiktok.com/ZSgUuodM/,nastyamushtaa
https://www.tiktok.com/@aregalik,aregalik
https://www.tiktok.com/@nikolsumka,nikolsumka
https://www.tiktok.com/@tt_tttttttttt,tt_tttttttttt
https://www.tiktok.com/@kostya_sheb_,kostya_sheb_
https://www.tiktok.com/@angelhi22,angelhi22
https://www.tiktok.com/@anisimovan_,anisimovan_
https://vm.tiktok.com/ZSpfUvpy/,liza_nice__
https://www.tiktok.com/@adk227_bandit,adk227_bandit
https://vm.tiktok.com/ZSpfPYK7/,kivi_rrrr
https://www.tiktok.com/@sofiadelmonstro,sofiadelmonstro
https://vm.tiktok.com/ZSpftwYS/,pluxonix
https://vm.tiktok.com/ZSpffRyW/,cassivii
https://vm.tiktok.com/ZSpfAmS6/,danya.man
https://www.tiktok.com/@markovaa_k,markovaa_k
https://vm.tiktok.com/ZSpfpLt7/,lyna_com
https://vm.tiktok.com/ZSpfB6VJ/,baym_maria
https://vm.tiktok.com/ZSpf5KUM/,_n_i_k_a_19
https://www.tiktok.com/@estevaaass,estevaaass
https://www.tiktok.com/@cashfug,cashfug
https://www.tiktok.com/@liriikkaa,liriikkaa
https://www.tiktok.com/@nevaaadaa,nevaaadaa
https://www.tiktok.com/@vechnobaby_,vechnobaby_
https://www.tiktok.com/@holyyyymollyyyy,holyyyymollyyyy
https://www.tiktok.com/@danil.ilchinskiy,danil.ilchinskiy
https://www.tiktok.com/@mullin.kirill,mullin.kirill
https://vm.tiktok.com/ZSpf6KHF/,kayana.off
https://www.tiktok.com/@andrey_frolovw,andrey_frolovw
https://www.tiktok.com/@vasilyevvvvv,vasilyevvvvv
https://www.tiktok.com/@varyaantipova1,varyaantipova1
https://vm.tiktok.com/ZSpfCAvX/,_timosska
https://vm.tiktok.com/ZSpfktD3/,_savastru
https://www.tiktok.com/@beembi,beembi
https://www.tiktok.com/@_ayfffff_,_ayfffff_
https://www.tiktok.com/@loveparviz,loveparviz
https://www.tiktok.com/@webdevka,webdevva
https://www.tiktok.com/@burn_ilya,burn_ilya
https://vm.tiktok.com/ZSgK1myg/,fendos__
https://vm.tiktok.com/ZSQJp7RR/,sokolov_artyom
https://vm.tiktok.com/ZS9jSKFr/,datodava
https://vm.tiktok.com/ZSuDxdC2/,saashako
https://vm.tiktok.com/ZSH4wm9W/,kizzmo
https://vm.tiktok.com/JL54wMe/,nikita_zamok
https://vm.tiktok.com/ZSuUgsm5/,well_together
https://vm.tiktok.com/ZSHEu9nX/,cantbeyuri
https://vm.tiktok.com/ZSHuU7g1/,tiktoksamka
https://vm.tiktok.com/ZS9Nmkf9/,maks.kama
https://vm.tiktok.com/ZSaQ11v3/,ylyastadler
https://vm.tiktok.com/ZS9J8sLJ/,nigmatullinn
https://vm.tiktok.com/ZSHfhMoA/,avanturistt
https://www.tiktok.com/@talalanov,talalanov
https://vm.tiktok.com/ZS9Nf5BQ/,_viktory_9
https://www.tiktok.com/@prokop_02?lang=ru,prokop_02
https://vm.tiktok.com/ZSmT3fm4/,vovaleska
https://vm.tiktok.com/ZS9NqqXa/,lamceva
https://vm.tiktok.com/ZSH7kWDr/,_missshanya_
https://www.tiktok.com/@el_alekperov,el_alekperov
https://vm.tiktok.com/ZS9NJCsn/,mimikliffi
https://www.tiktok.com/@pomogisebe,pomogisebe
https://www.tiktok.com/@di.skdz,di.skdz
https://www.tiktok.com/@inga.stash,inga.stash
https://www.tiktok.com/@fendos__,fendos__
https://www.tiktok.com/@pancaakeeaeee,pancaakeeaeee
https://www.tiktok.com/@wtfedik,wtfedik
https://www.tiktok.com/@emilen_im,emilen_im
https://vm.tiktok.com/ZSmoWFKE/,oitsoy
https://www.tiktok.com/@mumbolby,mumbolby
https://vm.tiktok.com/ZSQqhJ86/,ainannet
https://vm.tiktok.com/ZSHs7URu/,digahka
https://vm.tiktok.com/ZS9HhxUF/,flymeway
https://www.tiktok.com/@girrllover,girrllover
https://vm.tiktok.com/ZSx7T62n/,shuhhher
https://vm.tiktok.com/ZSxvye3N/,heylinaone
https://vm.tiktok.com/ZSQ1d5YG/,foxy.lesya
https://vm.tiktok.com/ZSCYU4Yo/,sidorquine
https://www.tiktok.com/@burn_ilya,burn_ilya
https://www.tiktok.com/@ksenas.ss,ksenas.ss
https://www.tiktok.com/@heyvodny,heyvodny
https://www.tiktok.com/@gritchenka,gritchenka
https://vm.tiktok.com/ZS9EmJRG/,_vishnya_a_
https://vm.tiktok.com/ZSxovyWe/,gggilava
https://www.tiktok.com/@_oramai_,_oramai_
https://vm.tiktok.com/ZSChr3NF/,iamkatushaa
https://vm.tiktok.com/ZSQqanx8/,like.meli
https://vm.tiktok.com/ZSxLc7oa/,rackazu
https://vm.tiktok.com/ZSQD11Yb/,alina_zvezdochka
https://www.tiktok.com/@tooolikk,tooolikk
https://www.tiktok.com/@teslond1,teslond1
https://www.tiktok.com/@pisonyaa,pisonyaa
https://www.tiktok.com/@abudinka,abudinka
https://www.tiktok.com/@liisiiaa,liisiiaa
http://www.tiktok.com/@iamnostya,iamnostya
https://vm.tiktok.com/ZSxvLTxR/,heymilka.ni
